nft_collection_name,nft_type,verified,tradeport_url,supply,floor,volume,cover_url,description,discord,twitter,website
Fuddies,0xac176715abe5bcdaae627c5048958bbe320a8474f524674f3278e31af3c8b86b,True,https://www.tradeport.xyz/sui/collection/0xac176715abe5bcdaae627c5048958bbe320a8474f524674f3278e31af3c8b86b,10000,24000000000,3666054734229328,https://byzantion.mypinata.cloud/ipfs/QmaBCGFXRrNbnf1Sr1r6yAXj2QsQjQzQhCJUUHWt9NwoPD,"10,000 extra special owls.",,https://twitter.com/FuddiesNFT,
SuiFrens: Bullsharks,0x8894fa02fc6f36cbc485ae9145d05f247a78e220814fb8419ab261bd81f08f32,True,https://www.tradeport.xyz/sui/collection/0x8894fa02fc6f36cbc485ae9145d05f247a78e220814fb8419ab261bd81f08f32,380667,1000,1855043140799099,https://byzantion.mypinata.cloud/ipfs/QmPKwiLybWgFfZj9GoWJdwy1PoUWDKZRD8YhNVJhyr22Cg,My SuiFren!,,https://twitter.com/SuiFrens,https://sui.io/
SuiFrens: Capys,0xee496a0cc04d06a345982ba6697c90c619020de9e274408c7819f787ff66e1a1,True,https://www.tradeport.xyz/sui/collection/0xee496a0cc04d06a345982ba6697c90c619020de9e274408c7819f787ff66e1a1,191171,500000000,1401307787268524,https://byzantion.mypinata.cloud/ipfs/QmSk9wP9m1wRohnZZcz6GfuwnBrvvF1QWXDwr1Erb6QzG3,My SuiFren!,,https://twitter.com/SuiFrens,https://sui.io/
Prime Machin,0x034c162f6b594cb5a1805264dd01ca5d80ce3eca6522e6ee37fd9ebfb9d3ddca::factory::PrimeMachin,True,https://www.tradeport.xyz/sui/collection/0x034c162f6b594cb5a1805264dd01ca5d80ce3eca6522e6ee37fd9ebfb9d3ddca::factory::PrimeMachin,3333,367000000000,1078313626659289,https://img.sm.xyz/0xc94a37b7a848963fc6ae28bf8ad6bb18e07ed932cfbf6d9cd9c16e0b9108b378/,Prime Machin #1818 manufactured by the Triangle Company.,,,
DeSuiLabs,0x4edaf43ada89b42ba4dee9fbf74a4dee3eb01f3cfd311d4fb2c6946f87952e51,True,https://www.tradeport.xyz/sui/collection/0x4edaf43ada89b42ba4dee9fbf74a4dee3eb01f3cfd311d4fb2c6946f87952e51,2222,21700000000,744335261237764,https://shdw-drive.genesysgo.net/BpJJEY3UBobdCdUUhLK5LV9s5PT5dzAW1o9FFkzaVdBJ/DSL_Logo.png,2222 degenerates running experiments on Sui,https://discord.com/invite/2Cfm9gpTCu,https://twitter.com/DeSuiLabs,https://winx.io/
Egg,0x484932c474bf09f002b82e4a57206a6658a0ca6dbdb15896808dcd1929c77820,True,https://www.tradeport.xyz/sui/collection/0x484932c474bf09f002b82e4a57206a6658a0ca6dbdb15896808dcd1929c77820,9631,79000000000,615322072000860,https://byzantion.mypinata.cloud/ipfs/bafybeibhwaakw2mqgchdbpao2neb3wkvhnbvw2hcscl5njkj3c7hdouer4,ü•ö,,,
Gommies,0x1c3de8ab70e98fadd2c46b98bd617908c41ae0d13f11d6fec158153d0e127279,True,https://www.tradeport.xyz/sui/collection/0x1c3de8ab70e98fadd2c46b98bd617908c41ae0d13f11d6fec158153d0e127279,7424,6959990000,571989296007262,https://byzantion.mypinata.cloud/ipfs/Qmb2ga6AaQt8R7yu6mhaynjLt6sSB57ASemjfP2apgZukM/936.png,Gommies is more than just an NFT project. It's a movement that is redefining the way we think about digital collectibles.,,https://twitter.com/GommiesNFT,
Rootlets,0x8f74a7d632191e29956df3843404f22d27bd84d92cca1b1abde621d033098769::rootlet::Rootlet,True,https://www.tradeport.xyz/sui/collection/0x8f74a7d632191e29956df3843404f22d27bd84d92cca1b1abde621d033098769::rootlet::Rootlet,3333,168000000000,503319122816221,ipfs://QmWFurw6xktFkSvKRLWwoNHtPcUBGJDpimECYiz3PJXqMn,Rootlets,,,
THE MF SQUID MARKET,0xd2197b1ce2096e96e726c29fa2c138c5c6748da169b81d34927c522b7499f1d7::ika_chan_nft::IkaChanNft,True,https://www.tradeport.xyz/sui/collection/0xd2197b1ce2096e96e726c29fa2c138c5c6748da169b81d34927c522b7499f1d7::ika_chan_nft::IkaChanNft,10000,40000000000,477435656985763,https://ika.rhei.finance/images/mfsquidmarket.webp,Ika-sama's forbidden tentacle harem. Slimy yet satisfying. Yamete kudasai~!,https://discord.gg/6NuG4mTGkY,,https://ika.xyz/
Kumo,0x57191e5e5c41166b90a4b7811ad3ec7963708aa537a8438c1761a5d33e2155fd::kumo::Kumo,True,https://www.tradeport.xyz/sui/collection/0x57191e5e5c41166b90a4b7811ad3ec7963708aa537a8438c1761a5d33e2155fd::kumo::Kumo,2222,74000000000,385654143955323,ipfs://QmQRE6ymYcd7Z3kMRPLDGRSyW4zKDMGRbom5EaFVXijpiX,Minted at the Kumo NFT launch. The cat has entered the wallet.,,,
Legacy,0xff3923e6261d2f979bd5db60929ede5680b41b98d58a419281f1302058e38845,True,https://www.tradeport.xyz/sui/collection/0xff3923e6261d2f979bd5db60929ede5680b41b98d58a419281f1302058e38845,222,1020000000000,373030650000000,ipfs://Qmezj18KTvJEqWZAnVuL6x55qqCqaWRnhBjY7TTKMNjFis,description,https://discord.gg/jx9ZFR2F9k ,https://twitter.com/LegacySui,https://legacysui.com/
SuiNS,0xd22b24490e0bae52676651b4f56660a5ff8022a2576e0089f79b3c88d44e08f0,True,https://www.tradeport.xyz/sui/collection/0xd22b24490e0bae52676651b4f56660a5ff8022a2576e0089f79b3c88d44e08f0,241705,130000000,360527392906146,ipfs://QmWh1QmsfXCqJvk558Qw4i2gcCrLgCzdq3eEv9KpFQzffz,SuiNS - Sculpt Your Identity,https://discord.com/invite/69te6EwCxN,"https://twitter.com/suinsdapp
","https://suins.io/
"
suis,0x2dcd525267727e9c583a847f0065ab6387d6b8d31b52a1f93f56b713b4ce15eb,True,https://www.tradeport.xyz/sui/collection/0x2dcd525267727e9c583a847f0065ab6387d6b8d31b52a1f93f56b713b4ce15eb,21000,396000000,292291569000000,https://ipfs.bluemove.net/uploads2/suis/suis-nft.svg/,description,,,
AEON,0x141d8a2333f9369452fe075331924bb98d2abf0ee98de941db85aaf809c4ef54,True,https://www.tradeport.xyz/sui/collection/0x141d8a2333f9369452fe075331924bb98d2abf0ee98de941db85aaf809c4ef54,993,163990000000,274228292831420,"data:image/webp;base64,UklGRroIAABXRUJQVlA4TK0IAAAv/8//Ax+gIG0Dpvon62oUCCT5s+y4kIDwv1llhyfzH6Cf5AmyI0mypAglT8lVcr+HzCzgXh7Rf4ltI0mSxHRgKzMr5gyofe4jXu/H9Xpcz7/u5+f+9bg+zq983/fn8vXP/b5z8R//8R//8R//8R//8R//8R//8R//8R//8R//8R//8R//8R//8R//8R//8R//8d9/7x2QK/WV9/3/XPv6575/7/iP//iP//iP//iP//iP//iP//iP//iP//iP//iP//iP//iP//iP//iP//iP//iPH+7r+3172/9uCPpz/fsj/+4O+I//+I//+I//+I//+I//+I//+I//+I//+I//+I//+I//+I//+I//+I//+I//+I8v8u+W4L653Heu+3J/P9f2+7af+/zHf/zHf/zHf/zHf/zHf/zHf/zHf/zHf/zHf/zHf/zHf/zHf/zHf/zHf/zHf/zHB/s/NwSe69+L+98Fwf1zzec6//Ef//Ef//Ef//Ef//Ef//Ef//Ef//Ef//Ef//Ef//Ef//Ef//Ef//Ef//Ef//FN/7sk2J9rgfna7/vXtzfveOX3nv/4j//4j//4j//4j//4j//4j//4j//4j//4j//4j//4j//4j//4j//4j//4j//4YD9X+nMpf+5831/ztZ/r+/rfFUH/3PmP//iP//iP//iP//iP//iP//iP//iP//iP//iP//iP//iP//iP//iP//iP//iPF/L3Or+3+7nwPJfvz4285/eqP3fvs79X/Md//Md//Md//Md//Md//Md//Md//Md//Md//Md//Md//Md//Md//Md//Md//McT/X29zwG5Ea99z891n/17le8b//Ef//Ef//Ef//Ef//Ef//Ef//Ef//Ef//Ef//Ef//Ef//Ef//Ef//Ef//Ef//FBf27l9edmvu+fYL5e83Wf/Lnye89//Md//Md//Md//Md//Md//Md//Md//Md//Md//Md//Md//Md//Md//Md//Md/fJHfu3yu5BX0Zb7259Kfa/tzyedmfm/7c4n/+I//+I//+I//+I//+I//+I//+I//+I//+I//+I//+I//+I//+I//+I//+I//eKD/6+7fy/xc8/Zzu/9e9/v6Plfz95L/+I//+I//+I//+I//+I//+I//+I//+I//+I//+I//+I//+I//+I//+I//+I///CFeef3n6s+lgncrUF95/fdm/90P7NvPFf7jP/7jP/7jP/7jP/7jP/7jP/7jP/7jP/7jP/7jP/7jP/7jP/7jP/7jP/7jP/7jg/xc9t+twL6B3Di/9u8F//Ef//Ef//Ef//Ef//Ef//Ef//Ef//Ef//Ef//Ef//Ef//Ef//Ef//Ef//Ef//FI/lz35dL+3z0B+VzpP9d+ru1/rjy3v9f8x3/8x3/8x3/8x3/8x3/8x3/8x3/8x3/8x3/8x3/8x3/8x3/8x3/8x3/8x3/8xxP7537PV74v+bnc/3NFoL8v+7mUP1d/rvAf//Ef//Ef//Ef//Ef//Ef//Ef//Ef//Ef//Ef//Ef//Ef//Ef//Ef//Ef//EfL/T37f6+9t+7/nvbf+/u24v77x3/8R//8R//8R//8R//8R//8R//8R//8R//8R//8R//8R//8R//8R//8R//8R//8cR+3/LviqDf87nk7e9N/7n73ffvBv7jP/7jP/7jP/7jP/7jP/7jP/7jP/7jP/7jP/7jP/7jP/7jP/7jP/7jP/7jP/7jj1d95XOp3/N7kb9X97u/7/zHf/zHf/zHf/zHf/zHf/zHf/zHf/zHf/zHf/zHf/zHf/zHf/zHf/zHf/zHf/zHH/1z3c+tfvu59Am5O1/5vvMf//Ef//Ef//Ef//Ef//Ef//Ef//Ef//Ef//Ef//Ef//Ef//Ef//Ef//Ef//EfD+Xv3ffn/xWB+XP1z53/+I//+I//+I//+I//+I//+I//+I//+I//+I//+I//+I//+I//+I//+I//+I///nvv9/fPHYH9XLpPfu/5j//4j//4j//4j//4j//4j//4j//4j//4j//4j//4j//4j//4j//4j//4j//4j1/657qfW/fr72v/3twnvxf8x3/8x3/8x3/8x3/8x3/8x3/8x3/8x3/8x3/8x3/8x3/8x3/8x3/8x3/8x3/8xx/5uef/XwyYf5cE33/53OrPjf7PZf7jP/7jP/7jP/7jP/7jP/7jP/7jP/7jP/7jP/7jP/7jP/7jP/7jP/7jP/7jP/7zkfn6hFw6v+7Tvzf5z8X9c/Mf//Ef//Ef//Ef//Ef//Ef//Ef//Ef//Ef//Ef//Ef//Ef//Ef//Ef//Ef//EfT/T3Lf9zQ6Df67x619d9c+3vW74v/bnEf/zHf/zHf/zHf/zHf/zHf/zHf/zHf/zHf/zHf/zHf/zHf/zHf/zHf/zHf/zHf3yw/3MZIG9gL3981b/3/Md//Md//Md//Md//Md//Md//Md//Md//Md//Md//Md//Md//Md//Md//Md//McX983tXV/9e/P7J1f2c4n/+I//+I//+I//+I//+I//+I//+I//+I//+I//+I//+I//+I//+I//+I//+I//+GD/Xj8/9xewF/O1b79v+b3rv5f7e89//Md//Md//Md//Md//Md//Md//Md//Md//Md//Md//Md//Md//Md//Md//Md//JA/d34uef33qn8v8/e+f6/zfeuX38t8bvSfi//4j//4j//4j//4j//4j//4j//4j//4j//4j//4j//4j//4j//4j//4j//4j//+/6++9u9Vf2719z0/t/7c6u9rv3wu5e3nIv/xH//xH//xH//xH//xH//xH//xH//xH//xH//xH//xH//xH//xH//xH//xH//xQf+7FMjf+/29KfDtqXe8PurrE859XvEf//Ef//Ef//Ef//Ef//Ef//Ef//Ef//Ef//Ef//Ef//Ef//Ef//Ef//Ef//GfHnwAAA==","A collection of 1000 unique, pixelated characters.",,,
Cosmocadia,0x4125c462e4dc35631e7b31dc0c443930bd96fbd24858d8e772ff5b225c55a792,True,https://www.tradeport.xyz/sui/collection/0x4125c462e4dc35631e7b31dc0c443930bd96fbd24858d8e772ff5b225c55a792,5555,9000000000,267150323881507,https://byzantion.mypinata.cloud/ipfs/QmPNrw19YCdn6GAZdn4AviS4D1tCQXRNRR3bJeCTvXw29i/Cosmocadia Gen1_73.jpg,Minted at the first Cosmocadia NFT launch. One of the pioneers.,https://discord.gg/cosmocadia,https://twitter.com/Cosmocadia,https://www.cosmocadia.io/
SEED Mon,0xe71e8e0a201c95c07e62afd6ce58fbaf63d9755a78d06d3bd33b178a2b9a7bf9::nft::Item,True,https://www.tradeport.xyz/sui/collection/0xe71e8e0a201c95c07e62afd6ce58fbaf63d9755a78d06d3bd33b178a2b9a7bf9::nft::Item,28382,1290000000,220025615545779,ipfs://bafybeigww765zr5nsscbt6enc6ptbsttf3h6baznuhkrs44gcytm7zpvvq,"SEED Mons are virtual companions at the core of the SEED Go - collectible, tradable, and game-enhancing! Each SEED Mon comes with unique abilities, rarity levels, and earning potential. By owning a SEED Mon NFT, you unlock the ability to earn $SLOVE, $SEED, and other valuable gems.",https://discord.gg/seedgo,https://x.com/SeedCombinator,https://playseedgo.com/webapp
Enforcer Machin,0x71ef69d02e77dff830c7de41db1452928c8ecd9040a541eef6729f139df83ffd::enforcer_machin_prototypes_01::Emp,True,https://www.tradeport.xyz/sui/collection/0x71ef69d02e77dff830c7de41db1452928c8ecd9040a541eef6729f139df83ffd::enforcer_machin_prototypes_01::Emp,1333,215000000000,197766880915998,ipfs://Qmcu1DtqdLQtwBZTh1fPCptGJVzHobLGLMdG5kQJbiYxcg,Enforcer Machin 5/3333 manufactured by the Triangle Company.,,,
Tallys,0x75888defd3f392d276643932ae204cd85337a5b8f04335f9f912b6291149f423::nft::Tally,True,https://www.tradeport.xyz/sui/collection/0x75888defd3f392d276643932ae204cd85337a5b8f04335f9f912b6291149f423::nft::Tally,5555,47000000000,174714427390610,https://indexer.mypinata.cloud/ipfs/bafkreifuog7qyfbj4vof6vk7uowseu3gi2xp2uqhwbxan6waab6b6a6cje,"Nestled in the wetlands of Lilypad Town, Tallys NFTs grant holders a seat in Tally‚Äôs council, guiding the flow of Talus AI Agents on Sui and shaping the future from the water‚Äôs edge.",,,
Tails By Typus,0xbd147bc7f12f38f175d78947a61364e8e077b9b188b00e7094bc0c3623162196,True,https://www.tradeport.xyz/sui/collection/0xbd147bc7f12f38f175d78947a61364e8e077b9b188b00e7094bc0c3623162196,2908,31800000000,162400775923371,https://bafybeietehky3bx4jwj7kw5kd7vk5ss7swisw2gb6ixxbspukdoh47meae.ipfs.dweb.link,"Tails 4619/6,666 by Typus Finance.",,,
DoubleUp Citizen,0x862810efecf0296db2e9df3e075a7af8034ba374e73ff1098e88cc4bb7c15437::doubleup_citizens::DoubleUpCitizen,True,https://www.tradeport.xyz/sui/collection/0x862810efecf0296db2e9df3e075a7af8034ba374e73ff1098e88cc4bb7c15437::doubleup_citizens::DoubleUpCitizen,2878,84000000000,160397182837707,ipfs://QmPmNdHofDDpCC2qAKUReVussmKergGa8GyNakr96qNfz3,A citizen on the DoubleUp Island!,,,
DeLorean Time Capsule,0xa1d5e3f98eb588b245a87c02363652436450aedb62ef1a7b018f16e6423059,True,https://www.tradeport.xyz/sui/collection/0xa1d5e3f98eb588b245a87c02363652436450aedb62ef1a7b018f16e6423059,9686,36500000000,153331199144361,ipfs://bafybeieracwhmuvouvk5wmgrafezqoxufzyzo7gdxk4wqcgquazeexb6o4,"The DeLorean Time Capsule is a collection of 8,800 Time Capsule NFTs travelling to the future on the Sui blockchain, driving innovation in the automotive industry. These NFTs will open in the near future to reveal exciting prizes, including the chance to win a new DeLorean vehicle model, early build slot reservations, F1 experience packages, DMC Nike Dunk SE 6.0 sneakers and many more iconic prizes to be announced! Visit www.DeLoreanLabs.com for more details",,,
Karrier One Early Adopter,0x12673174d35bae6675dfa29d1c7ccdecfd8b3e0b44fcfd3156d3a67b46cf3638,True,https://www.tradeport.xyz/sui/collection/0x12673174d35bae6675dfa29d1c7ccdecfd8b3e0b44fcfd3156d3a67b46cf3638,10000,44270000000,153306023324776,https://assets.karrier.one/kns-early-adopter/early-adopter-nft.png,Karrier One Early Adopter Rewards NFT,,https://twitter.com/karrier_one,https://www.karrier.one/
Skyward Soarer,0x9185af704124515bc588e71af96537a0e3a6d18aad56d7e0c2668cb1ddd5ca0d,True,https://www.tradeport.xyz/sui/collection/0x9185af704124515bc588e71af96537a0e3a6d18aad56d7e0c2668cb1ddd5ca0d,14,490000000000,144501280000000,ipfs://QmdPEbtd84HGfCNwoaY5vXWB4a6eK4YzKk34Veq62xwYFv,Chirp limited-edition Blackbird miner NFT,"http://discord.gg/zxAaVQgFvs
","https://twitter.com/ChirpDeWi
","https://chirptoken.io
"
Ahoy Pirates,0x6b5322e6f7f09e2469390b999ee8474e7440e4bd738f8917357842fca5cdb61b,True,https://www.tradeport.xyz/sui/collection/0x6b5322e6f7f09e2469390b999ee8474e7440e4bd738f8917357842fca5cdb61b,3000,9950000000,111571539266939,https://shdw-drive.genesysgo.net/3k7dzUPF56a41zSWfd1nYpTqjCex6LJxxoBaYgc7H55b/64.png,"A collection of 4,444 Pirate NFTs, backed by a premier SUI Validator!","https://discord.gg/WP6K3XDNUB
",https://twitter.com/AHOY_Pirates,https://www.ahoyvalidator.com/
Probably Nothing,0x3b653bb66101a001ca088c852b7fb967691b0c181eb73414f0498344ff8c9f48,True,https://www.tradeport.xyz/sui/collection/0x3b653bb66101a001ca088c852b7fb967691b0c181eb73414f0498344ff8c9f48,1984,3850000000,66606905031786,ipfs://QmbuF94s6WwHt6Sb2zqhrLBRzu8jz68kntRyApajyThZRm,"My son made this for me for Christmas, published as a thank you to him. ",,,
Ahoy Pirates,0x6b5322e6f7f09e2469390b999ee8474e7440e4bd738f8917357842fca5cdb61b,True,https://www.tradeport.xyz/sui/collection/0x6b5322e6f7f09e2469390b999ee8474e7440e4bd738f8917357842fca5cdb61b,3000,9950000000,111571539266939,https://shdw-drive.genesysgo.net/3k7dzUPF56a41zSWfd1nYpTqjCex6LJxxoBaYgc7H55b/64.png,"A collection of 4,444 Pirate NFTs, backed by a premier SUI Validator!","https://discord.gg/WP6K3XDNUB
",https://twitter.com/AHOY_Pirates,https://www.ahoyvalidator.com/
SuiNS Day,0xbf1431324a4a6eadd70e0ac6c5a16f36492f255ed4d011978b2cf34ad738efe6,True,https://www.tradeport.xyz/sui/collection/0xbf1431324a4a6eadd70e0ac6c5a16f36492f255ed4d011978b2cf34ad738efe6,96911,149000000,27567812088000,https://suins.io/day_one_active_false.webp,The SuiNS Day 1 NFT represents community members who have been with SuiNS since day 1 of launch.,https://discord.com/invite/69te6EwCxN,https://twitter.com/suinsdapp,https://suins.io/
Dare Dragon Egg,0x34db0e1c931a35abf2cf30d28b4dbf97ea4a98e199a8bc228d1e095bfdc688da,True,https://www.tradeport.xyz/sui/collection/0x34db0e1c931a35abf2cf30d28b4dbf97ea4a98e199a8bc228d1e095bfdc688da,510,1500000000,0,"data:image/png;base64,iVBORw0KGgoAAAANSUhEUgAABLAAAASwBAMAAAAZD678AAAAGFBMVEVZqP+h/1kAAADLpAbmuADYrgbxwQP3xgDm7kQLAAALZElEQVR4nO3d0XFTMRRFUVqgBVpIC7SQFmiB9vnnjmbQ+G47CWsVYD3r7H99+wYAAAAAAAAAAAAAAAAAAAAAAAAAAAAAAAAAAAAAAAAAAAAAAAAAAAAAAAAAAAAAAAAAAAAAAAAAAAAAAAAAAAAAAAAAAAAAAAAAAAAAAAAAAAAAAAAAAAAAAAAAAAAAAAAAAAAAAAAAAAAAAAAAAAAAAAAAAAAAAAAAAAAAAAAAAAAAAAAAAAAAAAAAAAAAAAAAJH48wav/Iy8gLBLCIiEsEsIiISwSwiIhLBLCIiEsEsIiISwSwiIhLBLCIiEsEsIiISwSwiIhLBLCIiEsEsIiISwSwiIhLBLCIiEsEsIiISwSwiIhLBLCIiEsEsIiISwSwiIhLBLCIiEsEsIiISwSwiIhLBLCIiEsEsIiISwSwiIhLB5xHP3tCRT3dQmLhLBICIuEsEgIi4SwSAiLhLBICIuEsEgIi4SwSAiLhLBICIuEsEgIi4SwSAiLhLBICIuEsEgIi4SwSAiLhLBICIuEsEgIi4SwSAiLhLBICIuEsEgIi4SwSAiLhLBICIuEsEgIi4SwSAiLhLBICIuEsEgIi4SwSAiLR9z3877n+zXFfRbCIiEsEsIiISwSwiIhLBLCIiEsEsIiISwSwiIhLBLCIiEsEsIiISwSwiIhLBLCIiEsEsIiISwSwiIhLBLCIiEsEsIiISwSwiIhLBLCIiEsEsIiISwSwiIhLBLCIiEsEsIiISwSwiIhLBLCIiEsEsIiISwSwiIhLBLC4hHHQe63PWby89r94Yr7YIRFQlgkhEVCWCSERUJYJIRFQlgkhEVCWCSERUJYJIRFQlgkhEVCWCSERUJYJIRFQlgkhEVCWCSERUJYJIRFQlgkhEVCWCSERUJYJIRFQlgkhEVCWCSERUJYJIRFQlgkhEVCWCSERUJYJIRFQlgkhEVCWCSERUJYJIRFYjGsYya/rgnr0xMWCWGREBYJYZEQFglhkRAWCWGREBYJYZEQFglhkRAWCWGREBYJYZEQFglhkRAWCWGREBYJYZEQFglhkRAWCWGREBYJYZEQFglhkRAWCWGREBYJYZEQFglhkRAWCWGREBYJYZEQFglhkRAWCWGREBYJYZEQFglhkRAWj1js5+iYye9ri8W9nShug7CElRCWsBLCElZCWMJKCEtYCWEJKyEsYSWEJayEsISVEJawEsISVkJYwkoIS1gJYQkrISxhJYQlrISwhJUQlrASwhJWQljCSghLWAlhCSshLGElhCWshLCElRCWsBLCElZCWMJKCEtYCWEJKyEsYSWEJayEsISVEJawEsISVkJYwkoIS1gJYQkrISxhJYQlrISwhJUQlrASwhJWQljCSghLWAlhCSshLGElhCWshLCElVgM6/6F3sWwjoe/nwgrJSxhJYQlrISwhJUQlrASwhJWQljCSghLWAlhCSshLGElhCWshLCElRCWsBLCElZCWMJKCEtYCWEJKyEsYSWEJayEsISVEJawEsISVkJYwkoIS1gJYQkrISxhJYQlrISwhJUQlrASwhJWQljCSghLWAlhCSshLGElhCWshLCElRCWsBLCElZCWMJKCEtYCWEJKyEsYSWEJayEsISVEJawEsISVkJYwkoIS1gJYQkrISxhPeJ4WcfrPQ6y2M99vEeKew1hCSshLGElhCWshLCElRCWsBLCElZCWMJKCEtYCWEJKyEsYSWEJayEsISVEJawEsISVkJYwkoIS1gJYQkrISxhJYQlrISwhJUQlrASwhJWQljCSghLWAlhCSshLGElhCWshLCElRCWsBLCElZCWMJKCEtYCWEJKyEsYSWEJayEsISVEJawEsISVkJYwkoIS1gJYQkrISxhJYQlrISwhJUQlrASwhJWQljCSghLWAlhCSvx0rAW+7knrJSwhJUQlrASwhJWQljCSghLWAlhCSshLGElhCWshLCElRCWsBLCElZCWMJKCEtYCWEJKyEsYSWEJayEsISVEJawEsISVkJYwkoIS1gJYQkrISxhJYQlrISwhJUQlrASwhJWQljCSghLWAlhCSshLGElhCWshLCElRCWsBLCElZCWMJKCEtYCWEJKyEsYSWEJayEsISVEJawEsISVkJYwkoIS1gJYQkrISxhJYQlrISwhJU43sniUsL6DwlLWAlhCSshLGElhCWshLCElRCWsBLCElZCWMJKCEtYCWEJKyEsYSWEJayEsISVEJawEsISVkJYwkoIS1gJYQkrISxhJYQlrISwhJUQlrASwhJWQljCSghLWAlhCSshLGElhCWshLCElRCWsBLCElZCWMJKCEtYCWEJKyEsYSWEJayEsISVEJawEsISVkJYwkoIS1gJYQkrISxhJYQlrISwhJUQlrASwhJWQljCSghLWInFsI6DHCfcr2Xjc+9/SliTsISVEJawEsISVkJYwkoIS1gJYQkrISxhJYQlrISwhJUQlrASwhJWQljCSghLWAlhCSshLGElhCWshLCElRCWsBLCElZCWMJKCEtYCWEJKyEsYSWEJayEsISVEJawEsISVkJYwkoIS1gJYQkrISxhJYQlrISwhJUQlrASwhJWQljCSghLWAlhCSshLGElhCWshLCElRCWsBLCElZCWMJKCEtYCWEJKyEsYSWEJayEsIT1XIvFHcN6xpu+i1XrZ4OwBmFtENYgrA3CGoS1QViDsDYIaxDWBmENwtogrEFYG4Q1CGuDsAZhbRDWIKwNwhqEtUFYg7A2CGsQ1gZhDcLaIKxBWBuENQhrg7AGYW0Q1iCsDcIahLVBWIOwNghrENYGYQ3C2iCsQVgbhDUIa4OwBmFtENYgrA3CGoS1QViDsDYIaxDWBmENwtogrEFYG4Q1CGuDsAZhbRDWIKwNwhqEtUFYg7A2CGsQ1gZhDcLaIKxBWBuENQhrg7AGYW0Q1iCsDcIahLVBWIOwNghrENYGYQ3C2iCsQVgbhDUIa4OwBmFtWAzr/k3fRV7o/WCEJayEsISVEJawEsISVkJYwkoIS1gJYQkrISxhJYQlrISwhJUQlrASwhJWQljCSghLWAlhCSshLGElhCWshLCElRCWsBLCElZCWMJKCEtYCWEJKyEsYSWEJayEsISVEJawEsISVkJYwkoIS1gJYQkrISxhJYQlrISwhJUQlrASwhJWQljCSghLWAlhCSshLGElhCWshLCElRCWsBLCElZCWMJKCEtYCWEJKyEsYSWEJaznOl7v27Xj6IuOh+vngxEWCWGREBYJYZEQFglhkRAWCWGREBYJYZEQFglhkRAWCWGREBYJYZEQFglhkRAWCWGREBYJYZEQFglhkRAWCWGREBYJYZEQFglhkRAWCWGREBYJYZEQFglhkRAWCWGREBYJYZEQFglhkRAWCWGREBYJYZEQFglhkRAWz3UcZDHFe/df9ep75C/CIiEsEsIiISwSwiIhLBLCIiEsEsIiISwSwiIhLBLCIiEsEsIiISwSwiIhLBLCIiEsEsIiISwSwiIhLBLCIiEsEsIiISwSwiIhLBLCIiEsEsIiISwSwiIhLBLCIiEsEsIiISwSwiIhLBLCIiEsEsIiISwSwiIhLBLC4oO4H10m/ANhkRAWCWGREBYJYZEQFglhkRAWCWGREBYJYZEQFglhkRAWCWGREBYJYZEQFglhkRAWCWGREBYJYZEQFglhkRAWCWGREBYJYZEQFglhkRAWCWGREBYJYZEQFglhkRAWCWGREBYJYZEQFglhkRAWCWGREBYJYZEQFglhAQAAAAAAAAAAAAAAAAAAAAAAAAAAAAAAAAAAAAAAAAAAAAAAAAAAAAAAAAAAAAAAAAAAAAAAAAAAAAAAAAAAAAAAAAAAAAAAAAAAAAAAAAAAAAAAAAAA8FX8AeilRRXAmbxJAAAAAElFTkSuQmCC",999 rare Dare Dragon eggs - Let the Egg Hunt begin!,,,
Plum room,0xb62a97ba44711af24f9d3e629c5c71888d93be325e74916815767712ab03c177,True,https://www.tradeport.xyz/sui/collection/0xb62a97ba44711af24f9d3e629c5c71888d93be325e74916815767712ab03c177,34,56000000000,0,https://byzantion.mypinata.cloud/ipfs/QmQkyC8hmkHNz54PPc6t9ygMG39RRKx3Pq3eHN2AMAzcd7,Plum room,,,
SUI Moonlit ,0xbf513df5b2893d87ad37b3097507a5efaa19f44d8b94af03c1174c140a4c57c9,True,https://www.tradeport.xyz/sui/collection/0xbf513df5b2893d87ad37b3097507a5efaa19f44d8b94af03c1174c140a4c57c9,1,20000000000,0,ipfs://QmdNMckkx5agbY3Qc24wp7o7TFrZjLPubTxiWUN3tdwVUK,"A powerful, stylized eagle soars above a colossal ocean wave, its wings outstretched against a dramatic backdrop of a setting sun. The bird's sharp beak and piercing eyes suggest its predatory nature, while the swirling waves and dark, ominous clouds create a sense of impending danger. The overall composition evokes a feeling of both awe and fear, capturing the raw power of nature.",,,
Rootlets,0x8f74a7d632191e29956df3843404f22d27bd84d92cca1b1abde621d033098769::rootlet::Rootlet,True,https://www.tradeport.xyz/sui/collection/0x8f74a7d632191e29956df3843404f22d27bd84d92cca1b1abde621d033098769::rootlet::Rootlet,3333,166000000000,503319122816221,ipfs://QmWFurw6xktFkSvKRLWwoNHtPcUBGJDpimECYiz3PJXqMn,Rootlets,,,
Gommies,0x1c3de8ab70e98fadd2c46b98bd617908c41ae0d13f11d6fec158153d0e127279,True,https://www.tradeport.xyz/sui/collection/0x1c3de8ab70e98fadd2c46b98bd617908c41ae0d13f11d6fec158153d0e127279,7424,6959990000,571989296007262,https://byzantion.mypinata.cloud/ipfs/Qmb2ga6AaQt8R7yu6mhaynjLt6sSB57ASemjfP2apgZukM/936.png,Gommies is more than just an NFT project. It's a movement that is redefining the way we think about digital collectibles.,,https://twitter.com/GommiesNFT,
Wave Genesis NFT,0xb32dc6b71d2c13bb220957d0664b20b9b822c1deb48c930e6d112de9303f946a,True,https://www.tradeport.xyz/sui/collection/0xb32dc6b71d2c13bb220957d0664b20b9b822c1deb48c930e6d112de9303f946a,927,3700000000,4734582980970,https://file-walletapp.waveonsui.com/images/nfts/genesis.png,The Wave Genesis NFT provides access to future Launchpad events on WavePad. It facilitates whitelisting and maximizes allocation for upcoming rounds,,,
Wizard Land,0x81163458f159e8d0061463d4a0690eeaeb58c2cd411d9e2f21d049af84a39cfe,True,https://www.tradeport.xyz/sui/collection/0x81163458f159e8d0061463d4a0690eeaeb58c2cd411d9e2f21d049af84a39cfe,2222,960000000,108257923510481,https://byzantion.mypinata.cloud/ipfs/bafybeidw7fd5mrphyocxfwh574pjsgbdsbd3q5vr5pc2heeog3v6rkuphi/22.png,Expanding The Magic Land,https://discord.gg/wizardlandsui,https://twitter.com/WizardLandSui,https://wizardlandsui.com/
Puke,0xd165ad22632810162677734f8d09f48194098dbbcdcfc1435bbfeefa5af77166,True,https://www.tradeport.xyz/sui/collection/0xd165ad22632810162677734f8d09f48194098dbbcdcfc1435bbfeefa5af77166,4740,839990000,18872437087674,https://ipfs.bluemove.net/uploads/puke-2-earn-ape-club/images/1128.png,"The Puke 2 Earn Ape Club is a collection of 10,000 unique Puking Ape NFTs - unique digital collectibles living on the Sui Blockchain. Each NFT will give you the opportunity to start playing Puke 2 Earn game on Sui.",,https://twitter.com/OmniBase_xyz/status/1671804958759596032,https://omnibase.xyz/
Present,0x58f6df360e1d410fc23a66313bd460171011c093d4b1c907c74fd329ed4ce28c,True,https://www.tradeport.xyz/sui/collection/0x58f6df360e1d410fc23a66313bd460171011c093d4b1c907c74fd329ed4ce28c,9871,550000000,24983307124305,https://fe-assets.mystenlabs.com/quests/winter-giftbox-nft.svg,A fun little present for the winter season.,,,
Probably Nothing: Wif Tie,0xa6df2d9fdfd6dfd122de2ca31dfb8184f67a148112ee5aba9efe3aabae704fbb,True,https://www.tradeport.xyz/sui/collection/0xa6df2d9fdfd6dfd122de2ca31dfb8184f67a148112ee5aba9efe3aabae704fbb,1518,1700000000,3518652185030,ipfs://QmaxBsQa5eUj2R6mbC4sbGuLCaNG5dxUd1Fr893VwtyQZH,The second masterpiece in artist Hawkeye's debut collection.,,,
OWLS,0x12f9712cc5e63b74b400d93e0551c157290e96cd45744f9e7c50d3e3a159ca42,True,https://www.tradeport.xyz/sui/collection/0x12f9712cc5e63b74b400d93e0551c157290e96cd45744f9e7c50d3e3a159ca42,3333,1799999000,98633042174280,https://byzantion.mypinata.cloud/ipfs/bafybeifypbtu5chfzo2ysrpdlu7plcgvrw5k3l6fxt6khghyashfyrjgxy/3333.png,A flock of a special species of owls with exceptional genius in crafting tools to advance and aid new civilizations emerged on the surface.,,,
KFK Warriors Vol.1,0xf52cb2dcb50216fa58dbd5c1f05a9b5bd1749f244755efbf3e023ae42ce7971a,True,https://www.tradeport.xyz/sui/collection/0xf52cb2dcb50216fa58dbd5c1f05a9b5bd1749f244755efbf3e023ae42ce7971a,382,700000000,785145467000,ipfs://QmemuFnyaSVS6Mh11Qf2CY6uTW8JKviF6coh6mTeGuzhJc,Unleash the $KFK Kung Fu Warriors NFTs‚Äîunique digital warriors with rare traits and in-game utility,,,
COV.ENT,0xa03833811a308d67194ad4ff7e6234437473a90a26aa440181611da28345cfc5,True,https://www.tradeport.xyz/sui/collection/0xa03833811a308d67194ad4ff7e6234437473a90a26aa440181611da28345cfc5,35,0,0,"data:image/png;base64,iVBORw0KGgoAAAANSUhEUgAAAoAAAAKACAYAAAAMzckjAAAAAXNSR0IArs4c6QAAGBlJREFUeJzt3dGr3/V9x/FfykkKtS3GpKxWFkTCTjQLXaochB28MQtIY7Kb3Mx5sYsynCghAYUhaIc3iSRIpFhQtgvJGDvswhgQTAKjS4ccakNJYhIMbcjaWmgSpa1lRmj2Byzad/x9fufzPb/X43H94fv9nJPT9sn3oq8Vr77w3vURhNk8u6bp8xYOn2v6vF52PXR76dzlUxcmfBMAJukLvS8AAMDSEoAAAGEEIABAGAEIABBGAAIAhBGAAABhBCAAQBgBCAAQRgACAISZ6X2B5a66KHHy/JUJ3wQ+XXXhA3pau2l96ZwlGhifL4AAAGEEIABAGAEIABBGAAIAhBGAAABhBCAAQBgBCAAQRgACAIQRgAAAYSyBjKm68GExBEhl4QOGxxdAAIAwAhAAIIwABAAIIwABAMIIQACAMAIQACCMAAQACCMAAQDCCEAAgDCWQAam12LItCyVVH8OYHwWPmD58gUQACCMAAQACCMAAQDCCEAAgDACEAAgjAAEAAgjAAEAwghAAIAwAhAAIIwlEG5K2tLGwuFzva8AAM35AggAEEYAAgCEEYAAAGEEIABAGAEIABBGAAIAhBGAAABhBCAAQBgBCAAQxhIIkSx8jGftpvWlc5dPXZjwTVgO/L3A8PgCCAAQRgACAIQRgAAAYQQgAEAYAQgAEEYAAgCEEYAAAGEEIABAGAEIABBmxasvvHe99yWWs82za7q89+T5K13e2+vnrbLwMZ5dD93e5b0WIJan6sJHa2l/L61/z2m/P27MF0AAgDACEAAgjAAEAAgjAAEAwghAAIAwAhAAIIwABAAIIwABAMIIQACAMDO9LzBUaQsfvVjuGJYX33y/dK71Ykh16cCCAUAbvgACAIQRgAAAYQQgAEAYAQgAEEYAAgCEEYAAAGEEIABAGAEIABBGAAIAhGm+BNJrQWPo0hY+GJYt8+tK546duFQ6N/TFEJZGdZml9b/btCzHtP69DP3nZVh8AQQACCMAAQDCCEAAgDACEAAgjAAEAAgjAAEAwghAAIAwAhAAIIwABAAI03wJpPXixdCXRSx8MAnV5Y6h67UYwo31WooY+mJIaxY5WA58AQQACCMAAQDCCEAAgDACEAAgjAAEAAgjAAEAwghAAIAwAhAAIIwABAAIs+LVF9673vsSLbReDLHwcWOtf88fXP190+exNI6duNT7CoPUa9Gk9fLE3L4dTZ+3+NTrTZ/Xa+Fj6CyQcDN8AQQACCMAAQDCCEAAgDACEAAgjAAEAAgjAAEAwghAAIAwAhAAIIwABAAIM9P7Aq1UlztaL1kwngfm7mj6vB8s/qLp89Js/4c/6/LeJ//mWJf3pqkufDy+bU+X91YXQ6Zl8cKiCT35AggAEEYAAgCEEYAAAGEEIABAGAEIABBGAAIAhBGAAABhBCAAQBgBCAAQZmqWQFqrLoZUF0iGbloWUtKWRao/76333VI613oBourgv24pnfvol89O+CbL0588WDy4r3bslbcOls59Z+uTxRcDQ+MLIABAGAEIABBGAAIAhBGAAABhBCAAQBgBCAAQRgACAIQRgAAAYQQgAEAYSyBMxKb1q3tfoYkH//pQ7yssqeoCRFXrpYiPz7ze9HkMy8ZdP+59hc905sVvNX3e5VMXSufWblrf9Fz1vUw3XwABAMIIQACAMAIQACCMAAQACCMAAQDCCEAAgDACEAAgjAAEAAgjAAEAwlgCmXKbZ9f0vsKSWvmNfU2fZ3liWE689++lc8dOXJrwTZbGrodub/zEjY2f19bQ//O2cVfb57VeFqmyGMJo5AsgAEAcAQgAEEYAAgCEEYAAAGEEIABAGAEIABBGAAIAhBGAAABhBCAAQJipWQJJW7zo9fNuWr+6y3urCx+tlwS+sPqHTZ/Xzy29L7CktsyvK52blsWQXl5562Dp3OPb9pTO3fZX+0vnFp/qsxiyfvRs0+dVl0XOvFg7V134gNHIF0AAgDgCEAAgjAAEAAgjAAEAwghAAIAwAhAAIIwABAAIIwABAMIIQACAMFOzBNLayfNXurw3bdGkqrrw8cWNO5q+95NfNn0cAzP0xZAX33y/dG7XQ7dP+Cbjab0YMrev9p/z1oshrf/7pb5c9K2m77186kLpXHVZpPo8hsUXQACAMAIQACCMAAQACCMAAQDCCEAAgDACEAAgjAAEAAgjAAEAwghAAIAwg18CmZZljKH/HJvWr+59hc/0hdU/LJ37+MxfNn3vFzc2fRzLVHUxpKr1ssjp365s+rzWPrj4j02ft2/0bPHkj5u+t77cUfPhrw4VT9aWNlovfFRZDFkarX/PvgACAIQRgAAAYQQgAEAYAQgAEEYAAgCEEYAAAGEEIABAGAEIABBGAAIAhFnx6gvvXW/5wKEvXpw8f6Xp84b+835w9felcw/M3THhmyxPf/ig7bJIL1/cuKP3FQjWekGjl/pyR820LGO0Xhbhxlr/vfgCCAAQRgACAIQRgAAAYQQgAEAYAQgAEEYAAgCEEYAAAGEEIABAGAEIABBmxTuHrzZdAmmt9XJH1bQsfLTWejHk1vtuafq8D3/0UdPnDV3193f16F9M+Cbw6b7+7TOlc9/Z+mTp3PeO7C+d++lrtff2Mi1LIK1Ny7LI0P99fQEEAAgjAAEAwghAAIAwAhAAIIwABAAIIwABAMIIQACAMAIQACCMAAQACDPTa2mjl14LHwuHzzV93pb5dU2f11p1oeLxbXu6vHfoiyGtf39f//bBca7zubVedhj6v9vQVf+uVq1aOeGbLI3b7r6zdO7q2YsTvQc3Z+gLGtPCF0AAgDACEAAgjAAEAAgjAAEAwghAAIAwAhAAIIwABAAIIwABAMIIQACAMDO9LzBUrZc7uLFX3qotVFQXJYau9cJH9ffXS+v7VX9/VZZFhmXofy8/fe1M0+dBT74AAgCEEYAAAGEEIABAGAEIABBGAAIAhBGAAABhBCAAQBgBCAAQRgACAISxBAIDNPSFj6pr1z4pnXv5mZdK5+69/55xrvP/VJciLIYsjerfy+KR4xO+yY3dtW1j6ZzFEJYDXwABAMIIQACAMAIQACCMAAQACCMAAQDCCEAAgDACEAAgjAAEAAgjAAEAwkzNEsjm2TVNn7dz+4bSuYXD55q+t5cH5u7ofQWCHVp4o+nzWi+GMCy79+wtnXtk58Olc/5eSOQLIABAGAEIABBGAAIAhBGAAABhBCAAQBgBCAAQRgACAIQRgAAAYQQgAECYqVkCmRZb5tf1vsJnuvW+W0rnVq1a2fS93zuyv3Tu8W17SueqP0drrX8vwPDc9ejGps9bfOr1ps+D0cgXQACAOAIQACCMAAQACCMAAQDCCEAAgDACEAAgjAAEAAgjAAEAwghAAIAwg18C2Ty7pvcVmui18PHA3B2lc9VljMUjx0vn5rY9WDrX2itvHSydqy6GtFa9H9yM6n9+q3/3aX+n77z9bulc9b//Wqv+96nFEG6GL4AAAGEEIABAGAEIABBGAAIAhBGAAABhBCAAQBgBCAAQRgACAIQRgAAAYbotgVj4GE914WPoVq1a2eW9aUsHVdeufdL7Ck1Ulx2GbugLH63/XqpLG73+fXu9t/UCk8UQRiNfAAEA4ghAAIAwAhAAIIwABAAIIwABAMIIQACAMAIQACCMAAQACCMAAQDCzEzLIkdrC4fPlc61XgKZloWPl595qXTuseefKJ3rtRgyLaqLDfOzWyd8kxt7ZOfDTZ937/33NH1edZGjterCx2v/+c8Tvsl4qn9X07LgAsuBL4AAAGEEIABAGAEIABBGAAIAhBGAAABhBCAAQBgBCAAQRgACAIQRgAAAYWZ6XwD4/FovfLRe5Oil9aJEdZGjtaEvfADLly+AAABhBCAAQBgBCAAQRgACAIQRgAAAYQQgAEAYAQgAEEYAAgCEEYAAAGHilkAWDp9r+rxjJy6Vzm2ZX1c694PFX5TOPTB3R+lcL4cW3iide/mZl0rnHnv+idK5VatWls7BaDQaLR45Xjo3t+3B0rmvfnn1ONcBWDK+AAIAhBGAAABhBCAAQBgBCAAQRgACAIQRgAAAYQQgAEAYAQgAEEYAAgCEGfwSyAdXf186V13k6KX1Ysj//PK3pXN/+o2vlM5xY9eufVI6V10gqT6van52a+ncIzsfbvpeplvrv1OGZe2m9U2fd/nUhabPYzzVf19fAAEAwghAAIAwAhAAIIwABAAIIwABAMIIQACAMAIQACCMAAQACCMAAQDCdFsCqS58VFUXNIa+GFL1s5//pum5Xg4tvFE69/IzL5XOPfb8E+Nc53O/997772n63qp33n63y3unxbT8/v732u9K56oLH9WFmQP7ny6dm5bfMzdmWWQ8rX9/Vb4AAgCEEYAAAGEEIABAGAEIABBGAAIAhBGAAABhBCAAQBgBCAAQRgACAISZWTh8rvcdPlN14aP183othlTf2/r3MnStF0Nav5fptnjkeOnc3LYHS+e++uXV41xnMCx8LE8vvvl+6dyuh26f8E1urNcyRhpfAAEAwghAAIAwAhAAIIwABAAIIwABAMIIQACAMAIQACCMAAQACCMAAQDCzPS+wB9jGYObYbmDSaguXrReDFm1amXpHExCdTGktV4LJL30+j37AggAEEYAAgCEEYAAAGEEIABAGAEIABBGAAIAhBGAAABhBCAAQBgBCAAQZvBLIFUWQ4DeWi+G9FL9OVgarf89qv87WP3f1dZ6LWOk8QUQACCMAAQACCMAAQDCCEAAgDACEAAgjAAEAAgjAAEAwghAAIAwAhAAIMzULIEALBeWNlgOhr4Ywnh8AQQACCMAAQDCCEAAgDACEAAgjAAEAAgjAAEAwghAAIAwAhAAIIwABAAIE7cE4v+xHIDl5N777+nyXv97Od18AQQACCMAAQDCCEAAgDACEAAgjAAEAAgjAAEAwghAAIAwAhAAIIwABAAIE7cEMnRb5tf1vgIAU8zCx7Ds3L6hy3t9AQQACCMAAQDCCEAAgDACEAAgjAAEAAgjAAEAwghAAIAwAhAAIIwABAAI03wJZNdDt7d+ZFMvvvl+7ysAAMtU6+WOk+evNH1elS+AAABhBCAAQBgBCAAQRgACAIQRgAAAYQQgAEAYAQgAEEYAAgCEEYAAAGFmhr7c0Vrrn7e6LLJlfl3T91Y9MHdHl/dCT3sOPN3lvft37+3y3qHz7zGed95+t/cVIjzxd5tL5978759P+CZLwxdAAIAwAhAAIIwABAAIIwABAMIIQACAMAIQACCMAAQACCMAAQDCCEAAgDAzvS+w3FWXRU7/tu17LXzAp/v1r39dOve1r31twjdhNPLvMa5777+n9xWWtZ3bN5TOTcvCR5UvgAAAYQQgAEAYAQgAEEYAAgCEEYAAAGEEIABAGAEIABBGAAIAhBGAAABhLIEskT//yielc7fdfedkL7JEDux/unRu9569E77J0ji08EbT5z2y8+GmzwOWr3fefrf3FT7Tlvl1pXPHTlya8E24Gb4AAgCEEYAAAGEEIABAGAEIABBGAAIAhBGAAABhBCAAQBgBCAAQRgACAISZuXzqQu87DNLaTeu7vPfq2Yulc60XQz780Uelc7fed0vT9y4eOd70eVVDXyCpLotYDAEmZegLHzu3byidO3n+yoRvsjz5AggAEEYAAgCEEYAAAGEEIABAGAEIABBGAAIAhBGAAABhBCAAQBgBCAAQZqb3BYaq9UJKr2WR1qqLIVWtl0Wq5me3dnkvQG/VhQ+mmy+AAABhBCAAQBgBCAAQRgACAIQRgAAAYQQgAEAYAQgAEEYAAgCEEYAAAGEsgSyR6rJIdTHk6tmLpXO33X1n6VxV9b1VP33tTOncXY9uLJ1bPHK8dG73nr2lcwAwjXwBBAAIIwABAMIIQACAMAIQACCMAAQACCMAAQDCCEAAgDACEAAgjAAEAAhjCWRgei2GAAA5fAEEAAgjAAEAwghAAIAwAhAAIIwABAAIIwABAMIIQACAMAIQACCMAAQACLPi9HNHr/e+BDevugQyLe56dGPp3OKR46Vzu/fsHec6y84jOx9u+rxDC290eS/01Ovv/u//6cnSuSPfP186d+zEpdK5LfPrmj5v5/YNpXNVJ89fafq8NL4AAgCEEYAAAGEEIABAGAEIABBGAAIAhBGAAABhBCAAQBgBCAAQRgACAISxBDIw1YWPy6cuTPgmwzK3b0fpXHUJpGpaFkMscsDwVBc+dv3t0abvrS58VK2+7Uulc5Y7hsUXQACAMAIQACCMAAQACCMAAQDCCEAAgDACEAAgjAAEAAgjAAEAwghAAIAwlkCYKtXFkKrqssi0LIZUWRZZGo89/0SX9778zEtd3jstei18VFWXQCx8LI3Ns2u6vNcXQACAMAIQACCMAAQACCMAAQDCCEAAgDACEAAgjAAEAAgjAAEAwghAAIAwM70vAC0tPvV60+fNbXuw9t6wxZBDC2+UzlkMGY9FjqVR/XueFhY+xtNruaM1XwABAMIIQACAMAIQACCMAAQACCMAAQDCCEAAgDACEAAgjAAEAAgjAAEAwjRfAlm7aX3rR3Zx+dSF3leAZS9tYYHp9oOzR0vnjnz/fOncsROXxrkOjfVa+Oi1uOILIABAGAEIABBGAAIAhBGAAABhBCAAQBgBCAAQRgACAIQRgAAAYQQgAECYFaefO3q9cnBaFj5asxjCaDQaze3bUTq3eOT4hG9yY7v37C2dO7D/6abPg56qyx1Vv/nx72rvXfxF0/dWF0N2bt9QOtdreaKXtIWPKl8AAQDCCEAAgDACEAAgjAAEAAgjAAEAwghAAIAwAhAAIIwABAAIIwABAMKs+NV//Ky0BDItixe9Fk2m5ffHeKqLIcCn+8MfVpTOVZc7emm9GLL6ti+Vzg19oaK11ksg0/L78wUQACCMAAQACCMAAQDCCEAAgDACEAAgjAAEAAgjAAEAwghAAIAwAhAAIMyK088dLS2BpLEYQk/Vv7+7Ht1YOjc/u7V07uzFc6VzMBqNRlc+vlQ69+GPPprwTW7s1IUPury3l2lZqKiy8DEeXwABAMIIQACAMAIQACCMAAQACCMAAQDCCEAAgDACEAAgjAAEAAgjAAEAwsz0vsBQVRc5ei2GMN0sfJCo9XJH2rID3AxfAAEAwghAAIAwAhAAIIwABAAIIwABAMIIQACAMAIQACCMAAQACCMAAQDCWAIZk8UQbsbcvh2lcxY+lsbdd27ofYVl7cD+fymdu/W+W0rnDn73J+NcB7gJvgACAIQRgAAAYQQgAEAYAQgAEEYAAgCEEYAAAGEEIABAGAEIABBGAAIAhLEEAg1Y+BgWCx/w6TbPrul9hc908vyV3leI4AsgAEAYAQgAEEYAAgCEEYAAAGEEIABAGAEIABBGAAIAhBGAAABhBCAAQBhLIAB8Lrv37O19hQhDX+5oLe3n7cUXQACAMAIQACCMAAQACCMAAQDCCEAAgDACEAAgjAAEAAgjAAEAwghAAIAwK04/d/R670ssZ2s3re99hSYun7rQ+wqDNLdvR+nc/OzW0rmzF8+Ncx2K7r5zQ+8r8DmcOP9W0+cd/O5Pmj6vtV6LFyfPX+ny3qGr/ntMy+/PF0AAgDACEAAgjAAEAAgjAAEAwghAAIAwAhAAIIwABAAIIwABAMIIQACAMDO9LzBU1YWP1gsavZZFev28cDMsfEy3xSPHmz5vbts3S+eGvhhSNS0LFb2k/f58AQQACCMAAQDCCEAAgDACEAAgjAAEAAgjAAEAwghAAIAwAhAAIIwABAAIYwnkU/RavBj6ssjQF0Pm9u1o+rz52a2lc2cvnmv6Xki0e8/e0rkD+5+e8E3Gs3l2TdPnpS1UsDR8AQQACCMAAQDCCEAAgDACEAAgjAAEAAgjAAEAwghAAIAwAhAAIIwABAAIs+L0c0ev974E/bVeDKmqLoZUFz6qyx1VFj6Wxt13buh9BabQifNvNX3ewe/+pHSuugRi4YOefAEEAAgjAAEAwghAAIAwAhAAIIwABAAIIwABAMIIQACAMAIQACCMAAQACDPT+wLQg4UPmH7VZaAD+58unZvb9s3Suf/6t5+XzkFPvgACAIQRgAAAYQQgAEAYAQgAEEYAAgCEEYAAAGEEIABAGAEIABBGAAIAhLEEwmg0Go0un7pQOrd20/oJ32Q8Fj4A4I/zBRAAIIwABAAIIwABAMIIQACAMAIQACCMAAQACCMAAQDCCEAAgDACEAAgzP8Bcv7/C+A/IkgAAAAASUVORK5CYII=",,,,
Dog Sui Meme OG,0xfa91dbd069c9077bad1a4fe2c2468ff4fd614fd30f8c984b9ecf100c971254e9,True,https://www.tradeport.xyz/sui/collection/0xfa91dbd069c9077bad1a4fe2c2468ff4fd614fd30f8c984b9ecf100c971254e9,85,7000000000,16000000000,ipfs://QmVgmPWXqUtnR8fuj1spvMHhjGmqQtMZDhui6Drfuh8ZEf,"üê∂ $DogSui OG Collection - The Dog on SUI is heading to the moon! üåï‚ú®

This exclusive collection of just 100 NFTs is reserved for the early pioneers who believed in $DogSui from the start. üèÜ These OGs have been key contributors to our journey and success, and now, they‚Äôre forever immortalized as part of the $DogSui legacy. üåü

Join the elite, where only the first to howl with us hold a piece of history. Wulf Wulf! üêæüöÄ",,https://x.com/DogSuiMeme,https://dogsui.com/
Occult Multi,0x727d9fe5194261aa6429f577d0df3f12cfdb3bb0512bf9500a197d7b2d40e29e,True,https://www.tradeport.xyz/sui/collection/0x727d9fe5194261aa6429f577d0df3f12cfdb3bb0512bf9500a197d7b2d40e29e,1285,1000000000,3767326475000,https://byzantion.mypinata.cloud/ipfs/QmPCVTBqPnC5Jm4J1DYvwZguwnU4rTm3dnMJwCjzs37vxR,This MultiPass is redeemable for 1 Occult NFT and 1 Ordinal WL.,,,
BuckYou Fortune Bag,0xd441d82fa791d7e7fc89eb2a40b0714bd9a6a1aaf0c897d702802d30109c1f7b::fortune_bag,True,https://www.tradeport.xyz/sui/collection/0xd441d82fa791d7e7fc89eb2a40b0714bd9a6a1aaf0c897d702802d30109c1f7b::fortune_bag,2479,15000000000,3922770000000,https://byzantion.mypinata.cloud/ipfs/QmYvx5XTQ4KgFbskbKbQDRWZ1pq371pHex8QFHwQaU6dJw/1,Thanks for helping share abundance and prosperity this Chinese New Year! One Fortune Bag entitles you to 0.01% of the Final Prize Pool in the BuckYou CNY Event at https://cny.buckyou.io/.,,,
Wave Original Gangster,0xbe9d578ed9e0b7dbd79555fe02b8058be262f4c534adbf816cd6c4606df9ead9,True,https://www.tradeport.xyz/sui/collection/0xbe9d578ed9e0b7dbd79555fe02b8058be262f4c534adbf816cd6c4606df9ead9,1168,6950000000,46076101906751,https://file.walletapp.waveonsui.com/images/nfts/wog.png,WOG is a collection of NFTs exclusively designed for users who have made significant contributions to the development of Wave Wallet,,https://x.com/WaveOnSui,https://waveonsui.com/
Simba The Lonely Lion,0xd8c7cd7446834564fc981b9e15a810326d3a6dd7fefe888e19d25591813400ae,True,https://www.tradeport.xyz/sui/collection/0xd8c7cd7446834564fc981b9e15a810326d3a6dd7fefe888e19d25591813400ae,203,4000000000,387080000000,ipfs://QmaxmAfDqh1MoWQbpXQQbz4hAyG5rjR7WqUNAyz2SaGcYA,Simba On SUI,https://discord.gg/2GBpnhpjhX,https://twitter.com/SimbaOnSui69,https://simbaonsui.vip/
Fever Maniac Attribute,0x28bb239a115e60925353a635c5c7e1d85a4e7435d5da3e7afafec5b417059c8d::maniac_attribute::ManiacAttributeNft,True,https://www.tradeport.xyz/sui/collection/0x28bb239a115e60925353a635c5c7e1d85a4e7435d5da3e7afafec5b417059c8d::maniac_attribute::ManiacAttributeNft,7234,1500000000,31569000000,https://metadata.coinfever.app/api/attribute/?id=0a87018f216ccbb4c590e8aac35373acbaba0d7371fa0f9f48128ea8450d6795,,,,
Sub100K,0x9041aa11cd874ee87fa6f1c89ed9571c17c587cc64aafed0ddc12e2d2cd6a8c2::collection::Sub100K,True,https://www.tradeport.xyz/sui/collection/0x9041aa11cd874ee87fa6f1c89ed9571c17c587cc64aafed0ddc12e2d2cd6a8c2::collection::Sub100K,126,440000000,159710000000,https://sui-api-mainnet.bluemove.net/uploads/m_VP_Qg_Clg_400x400_f45c2edec2.WEBP,,,,
Blubbers Whitelist Ticket,0xefff615b773cb4b61ae40c87ed947e646c12fa8d9401c5de88ed9fdca58ea86d::mint::BlubWhitelistTicket,True,https://www.tradeport.xyz/sui/collection/0xefff615b773cb4b61ae40c87ed947e646c12fa8d9401c5de88ed9fdca58ea86d::mint::BlubWhitelistTicket,23,0,40000000000,https://blubbersnft.com/ticket.jpg,Blubbers Whitelist Ticket! Burn this ticket to mint a Blubber for free!,,,
BlobLifeLabs,0xdf7b8cbab32e10f4889bad220551ea33e34e41b6e2a94fc7ae9452457a0b9b56,True,https://www.tradeport.xyz/sui/collection/0xdf7b8cbab32e10f4889bad220551ea33e34e41b6e2a94fc7ae9452457a0b9b56,18273,95000000,182571637795,ipfs://QmTLz5DAAb6Y1LVRgdaNMz8MDdW1CZBL8S61X16D6sR8ro,A collaborative piece between BlobLifeLabs and Waifu,,,
